x,y,reach_id_R,reach_len,n_nodes,width,width_var,max_width,rch_id_up,rch_id_dn,n_rch_up,n_rch_down,fdir_set,conn_reach,rg_us_nd,rg_ds_nd,rg_inlet,rg_outlet,rg_flux,rg_outflx,wse,wse_var,facc,n_chan_max,n_chan_mod,obstr_type,grod_id,hfalls_id,dist_out,lakeflag,swot_orbit,swot_obs,type,river_name,edit_flag,trib_flag,path_freq,path_order,path_segs,main_side,strm_order,end_reach,network,mask_date
-58.613263300941917,-33.905101447307402,7,11969.703259886622618,55,491.575759229039363,9489.613823242902072,848.309987057938201,"20",11 23,1,2,1,"12, 20, 11, 23",11,9,0,0,0.140431287866189,,,,,,,,,,,,,,,,,,,,,,,,,"Composite of 2019 Landsat 8, manually cleaned in 2025"
-58.548007629696016,-33.919358808012241,11,1737.097931724100135,8,262.075276278938986,8809.172420060309378,592.774624079223940,"7","17",1,1,1,"7, 23, 16, 17",9,13,0,0,0.057388820616786,,,,,,,,,,,,,,,,,,,,,,,,,"Composite of 2019 Landsat 8, manually cleaned in 2025"
-58.669864562477088,-33.874649752261774,12,3581.014984157267918,16,277.192257801851554,23949.160734857014177,905.995463326661252,"20",29 42,1,2,1,"20, 7, 29, 42",11,14,0,0,0.079187114130080,,,,,,,,,,,,,,,,,,,,,,,,,"Composite of 2019 Landsat 8, manually cleaned in 2025"
-58.639797063594074,-33.936067158863104,16,19406.250026432389859,89,128.164851175208582,4089.294989703603733,802.328720084573547,"25","17",1,1,1,"25, 20, 11, 17",18,13,0,0,0.040064273311447,,,,,,,,,,,,,,,,,,,,,,,,,"Composite of 2019 Landsat 8, manually cleaned in 2025"
-58.499386455013841,-33.931641921056091,17,10191.993479830411161,46,415.253965796588091,8252.419329915814160,636.232490293453679,11 16,"1156",2,1,1,"11, 16, 27, 1156",13,19,0,0,0.097453093928233,,,,,,,,,,,,,,,,,,,,,,,,,"Composite of 2019 Landsat 8, manually cleaned in 2025"
-58.704356205187977,-33.901598485775502,20,7421.340992180913418,35,702.555106600348381,2188.462263446407633,848.309987057938201,"25",12 7,1,2,1,"16, 25, 12, 7",18,11,0,0,0.219618401996269,,,,,,,,,,,,,,,,,,,,,,,,,"Composite of 2019 Landsat 8, manually cleaned in 2025"
-58.527895106441022,-33.896692786081609,23,6396.236641126710310,30,379.226778201223283,3386.369903914493079,592.774624079223940,"7",32 33,1,2,1,"7, 11, 32, 33",9,24,0,0,0.083042467249402,,,,,,,,,,,,,,,,,,,,,,,,,"Composite of 2019 Landsat 8, manually cleaned in 2025"
-58.750151168057783,-33.929816170437533,25,3996.396532013579872,18,690.091547099591139,71681.531773597860592,1824.359608988276250,"46",16 20,1,2,1,"35, 46, 16, 20",25,18,0,0,0.259682675307715,,,,,,,,,,,,,,,,,,,,,,,,,"Composite of 2019 Landsat 8, manually cleaned in 2025"
-58.589591650600177,-33.958240740335391,27,28859.283106972012320,133,61.664334689173273,8134.271642128622261,1114.668509248920145,"35","1156",1,1,1,"38, 35, 17, 1156",27,19,0,0,0.022090623287374,,,,,,,,,,,,,,,,,,,,,,,,,"Composite of 2019 Landsat 8, manually cleaned in 2025"
-58.653737997271911,-33.840926265490189,29,5225.719197210321909,24,56.442884965149936,204.421340292249965,167.661982560690291,"12",41 1157,1,2,1,"12, 42, 41, 1157",14,29,0,0,0.014888866129040,,,,,,,,,,,,,,,,,,,,,,,,,"Composite of 2019 Landsat 8, manually cleaned in 2025"
-58.486452503777720,-33.895513417125080,32,4960.622326254713698,23,130.277816051806838,6099.655010408882845,502.985947682070957,"23","1160",1,1,1,"23, 33, 1160",24,32,0,0,0.020015590346569,,,,,,,,,,,,,,,,,,,,,,,,,"Composite of 2019 Landsat 8, manually cleaned in 2025"
-58.478123958747510,-33.914351019791468,33,4872.319819295379602,22,410.230412058491709,3512.653448822385599,545.867866978375105,"23","1160",1,1,1,"23, 32, 1160",24,32,0,0,0.063026876902833,,,,,,,,,,,,,,,,,,,,,,,,,"Composite of 2019 Landsat 8, manually cleaned in 2025"
-58.734987512949210,-33.962760057136379,35,7229.664094621283766,34,1043.353905673078543,225226.495853331929538,1846.566692555885538,"46",27 38,1,2,1,"25, 46, 27, 38",25,27,0,0,0.392615928504972,,,,,,,,,,,,,,,,,,,,,,,,,"Composite of 2019 Landsat 8, manually cleaned in 2025"
-58.694359878559602,-34.006235646486765,38,5618.682269682792139,26,1034.293878199677010,33874.605323908261198,1256.905871680685777,"35","50",1,1,1,"27, 35, 50, 51",27,36,0,0,0.370525305217598,,,,,,,,,,,,,,,,,,,,,,,,,"Composite of 2019 Landsat 8, manually cleaned in 2025"
-58.649031724386845,-33.804710554633658,41,3786.660152229568666,17,54.762337989414505,56.899805451501400,106.038748382242275,"29",54 55,1,2,1,"29, 1157, 54, 55",29,38,0,0,0.006519268905624,,,,,,,,,,,,,,,,,,,,,,,,,"Composite of 2019 Landsat 8, manually cleaned in 2025"
-58.602292632890546,-33.853278606868109,42,12882.983015469357269,59,243.751175135151556,5773.833795084901794,427.455860382306469,"12",56 57,1,2,1,"12, 29, 56, 57",14,39,0,0,0.064298248001040,,,,,,,,,,,,,,,,,,,,,,,,,"Composite of 2019 Landsat 8, manually cleaned in 2025"
-58.788192447771067,-33.945408652988668,46,5111.364134680772622,23,828.135571370432672,114878.222404520973214,1867.757495813117885,61 86,25 35,2,2,1,"61, 86, 25, 35",42,25,0,0,0.652298603812688,,,,,,,,,,,,,,,,,,,,,,,,,"Composite of 2019 Landsat 8, manually cleaned in 2025"
-58.645390315613632,-34.036941457318747,50,6917.010455762312631,32,878.929497984527416,27700.398761929071043,1219.445606395786172,38 51,66 98,2,2,1,"38, 51, 66, 98",36,46,0,0,0.400879230635543,,,,,,,,,,,,,,,,,,,,,,,,,"Composite of 2019 Landsat 8, manually cleaned in 2025"
-58.735711775684941,-34.052363489259129,51,13266.526160666231590,60,54.664082206107039,2783.193427302824148,640.635535842530203,"69","50",1,1,1,"69, 100, 38, 50",47,36,0,0,0.030353925417945,,,,,,,,,,,,,,,,,,,,,,,,,"Composite of 2019 Landsat 8, manually cleaned in 2025"
-58.652205132014359,-33.788846719005441,54,64.000046120369348,1,78.012946874326985,473.106212425719661,106.038748382242275,"41","74",1,1,1,"41, 55, 74, 75",38,50,0,0,0.003707843058549,,,,,,,,,,,,,,,,,,,,,,,,,"Composite of 2019 Landsat 8, manually cleaned in 2025"
-58.626840701929723,-33.791848508382266,55,5151.842092289003631,24,59.152345928789757,248.092791565903241,106.038748382242275,"41","77",1,1,1,"41, 54, 76, 77",38,51,0,0,0.002811425847075,,,,,,,,,,,,,,,,,,,,,,,,,"Composite of 2019 Landsat 8, manually cleaned in 2025"
-58.538349569715670,-33.827662494223418,56,1385.259298462804281,6,411.029301450141872,610.962484067064224,456.089902247069062,"42",78 79,1,2,1,"42, 57, 78, 79",39,52,0,0,0.056657912633120,,,,,,,,,,,,,,,,,,,,,,,,,"Composite of 2019 Landsat 8, manually cleaned in 2025"
-58.511030936625595,-33.840630703865251,57,7677.341176662392172,35,55.427416280868563,1239.005510577317864,403.783524054475379,"42","119",1,1,1,"42, 56, 78, 119",39,53,0,0,0.007640335367920,,,,,,,,,,,,,,,,,,,,,,,,,"Composite of 2019 Landsat 8, manually cleaned in 2025"
-58.831183708932002,-33.953690137461464,61,3815.053824780249215,17,836.608749265587107,34038.607826999745157,1224.047304280540857,"88","46",1,1,1,"88, 89, 46, 86",57,42,0,0,0.553402111222562,,,,,,,,,,,,,,,,,,,,,,,,,"Composite of 2019 Landsat 8, manually cleaned in 2025"
-58.602136181304722,-34.036248575757227,66,1609.878211810186258,7,727.593892633734072,2612.450696419600263,902.887407980228659,"50",96 1166,1,2,1,"50, 98, 96, 1166",46,61,0,0,0.328152546553090,,,,,,,,,,,,,,,,,,,,,,,,,"Composite of 2019 Landsat 8, manually cleaned in 2025"
-58.815079432328275,-34.067232657979460,69,5054.900030380884346,23,55.548569200324543,128.610036866594669,118.554924815844799,103 89,51 100,2,2,1,"103, 89, 51, 100",64,47,0,0,0.063825304287975,,,,,,,,,,,,,,,,,,,,,,,,,"Composite of 2019 Landsat 8, manually cleaned in 2025"
-58.653594540848736,-33.773942434921864,74,3365.949888809367621,15,55.152709061800131,98.072900161098858,106.038748382242275,54 75,111 76,2,2,1,"54, 75, 111, 76",50,69,0,0,0.092632406729941,,,,,,,,,,,,,,,,,,,,,,,,,"Composite of 2019 Landsat 8, manually cleaned in 2025"
-58.733737482124184,-33.783387667227551,75,21288.170028769458440,98,55.865567932935306,73.888822533804188,106.038748382242275,113 156,"74",2,1,1,"113, 156, 54, 74",70,50,0,0,0.088924563671392,,,,,,,,,,,,,,,,,,,,,,,,,"Composite of 2019 Landsat 8, manually cleaned in 2025"
-58.636707380084410,-33.774505688677841,76,5227.603182665445274,24,58.151600998021294,185.065156469582632,106.038748382242275,"74","77",1,1,1,"74, 111, 55, 77",69,51,0,0,0.047177862894665,,,,,,,,,,,,,,,,,,,,,,,,,"Composite of 2019 Landsat 8, manually cleaned in 2025"
-58.576298557517866,-33.772662561690261,77,7294.121272267004315,34,92.015465210884017,436.279225332373073,118.554924815844799,55 76,1161 1163,2,2,1,"55, 76, 1161, 1163",51,71,0,0,0.049989288741740,,,,,,,,,,,,,,,,,,,,,,,,,"Composite of 2019 Landsat 8, manually cleaned in 2025"
-58.509335381025032,-33.814619021606383,78,5235.919496812747639,24,166.702610634338953,2241.574300967765339,385.986870372245221,"56","119",1,1,1,"56, 79, 57, 119",52,53,0,0,0.039668913707539,,,,,,,,,,,,,,,,,,,,,,,,,"Composite of 2019 Landsat 8, manually cleaned in 2025"
-58.525201263721634,-33.807823043527527,79,4181.964341682504710,19,71.393698699141268,3245.255839178168117,385.986870372245221,"56",1167 1170,1,2,1,"56, 78, 1167, 1170",52,72,0,0,0.016988998925581,,,,,,,,,,,,,,,,,,,,,,,,,"Composite of 2019 Landsat 8, manually cleaned in 2025"
-58.836435181473931,-33.940391945331704,86,5694.120119257759143,26,232.548064565463818,49219.368562918862153,1299.785935379549755,"131","46",1,1,1,"131, 88, 46, 61",79,42,0,0,0.098896492590126,,,,,,,,,,,,,,,,,,,,,,,,,"Composite of 2019 Landsat 8, manually cleaned in 2025"
-58.855724296559082,-33.942956651480351,88,1778.356261659148231,8,1386.814297784758082,1580.392253850699717,1399.751644261878027,"131",61 89,1,2,1,"86, 131, 61, 89",79,57,0,0,0.589775151132865,,,,,,,,,,,,,,,,,,,,,,,,,"Composite of 2019 Landsat 8, manually cleaned in 2025"
-58.869570112131825,-33.993030401899588,89,22179.299090416090621,102,54.987147336899461,11988.838594138756889,1209.027750137036037,"88","69",1,1,1,"61, 88, 69, 103",57,64,0,0,0.036373039910303,,,,,,,,,,,,,,,,,,,,,,,,,"Composite of 2019 Landsat 8, manually cleaned in 2025"
-58.538290536413541,-34.062372388372843,96,13064.325722702695202,61,355.633207755097771,11565.509637861041483,902.887407980228659,"66","136",1,1,1,"66, 1166, 136, 137",61,85,0,0,0.119870448899176,,,,,,,,,,,,,,,,,,,,,,,,,"Composite of 2019 Landsat 8, manually cleaned in 2025"
-58.579025181992989,-34.087386199668074,98,14426.196823377233159,68,161.252721411792805,7363.434975962451063,849.965227631023481,"50",140 141,1,2,1,"50, 66, 140, 141",46,87,0,0,0.072726684082453,,,,,,,,,,,,,,,,,,,,,,,,,"Composite of 2019 Landsat 8, manually cleaned in 2025"
-58.766203588622858,-34.140102347813830,100,19061.490203466237290,88,60.278273103399592,235.292573835853460,118.554924815844799,"69",142 143,1,2,1,"51, 69, 142, 143",47,89,0,0,0.033471378870030,,,,,,,,,,,,,,,,,,,,,,,,,"Composite of 2019 Landsat 8, manually cleaned in 2025"
-58.902541457900981,-34.102994002596496,103,16489.136292146165943,77,57.235122882710961,891.082107326326536,427.455860382306469,"233","69",1,1,1,"233, 270, 69, 89",91,64,0,0,0.027452264377672,,,,,,,,,,,,,,,,,,,,,,,,,"Composite of 2019 Landsat 8, manually cleaned in 2025"
-58.659314941880815,-33.729132461115263,111,7881.882731606398011,36,56.027431818132214,88.163094666109473,106.038748382242275,"74",1174 1178,1,2,1,"74, 76, 1174, 1178",69,98,0,0,0.045454543835276,,,,,,,,,,,,,,,,,,,,,,,,,"Composite of 2019 Landsat 8, manually cleaned in 2025"
-58.895843174776566,-33.842272131339485,113,18325.785184206586564,85,53.238622216330754,1583.117378539624951,553.538517465926020,"203","75",1,1,1,"158, 203, 75, 156",100,70,0,0,0.040194235673088,,,,,,,,,,,,,,,,,,,,,,,,,"Composite of 2019 Landsat 8, manually cleaned in 2025"
-58.476818156708184,-33.822528790426375,119,1543.213807907872479,7,239.559536223035082,6167.972777849647173,477.174367720090231,57 78,1172 1176,2,2,1,"57, 78, 1172, 1176",53,105,0,0,0.047309249075459,,,,,,,,,,,,,,,,,,,,,,,,,"Composite of 2019 Landsat 8, manually cleaned in 2025"
-58.883922218929129,-33.913709140697939,131,7412.244305706787600,34,769.038202931807973,46852.892158883179945,1447.147283283737124,"173",86 88,1,2,1,"173, 156, 86, 88",115,79,0,0,0.688671643722991,,,,,,,,,,,,,,,,,,,,,,,,,"Composite of 2019 Landsat 8, manually cleaned in 2025"
-58.479007607041339,-34.092556067762970,136,805.490912469241266,3,434.145428845684251,1872.551968732190062,545.867866978375105,96 137,180 181,2,2,1,"96, 137, 180, 181",85,120,0,0,0.130064261167749,,,,,,,,,,,,,,,,,,,,,,,,,"Composite of 2019 Landsat 8, manually cleaned in 2025"
-58.509724896018447,-34.121944536034803,137,8922.058966301578039,43,54.885584141528099,1221.369516808906383,403.783524054475379,"140","136",1,1,1,"182, 140, 96, 136",121,85,0,0,0.010193812268573,,,,,,,,,,,,,,,,,,,,,,,,,"Composite of 2019 Landsat 8, manually cleaned in 2025"
-58.557638358754566,-34.148457778818418,140,4600.467378846114116,21,159.229227335361742,1711.865683125566875,265.096870955605709,"98",137 182,1,2,1,"98, 141, 137, 182",87,121,0,0,0.041059289939975,,,,,,,,,,,,,,,,,,,,,,,,,"Composite of 2019 Landsat 8, manually cleaned in 2025"
-58.591823924211219,-34.156004301078681,141,4042.203205185694060,18,122.807157853984535,616.524068012198200,265.096870955605709,"98","183",1,1,1,"98, 140, 183, 143",87,123,0,0,0.031667394142478,,,,,,,,,,,,,,,,,,,,,,,,,"Composite of 2019 Landsat 8, manually cleaned in 2025"
-58.700073822994270,-34.211406044041382,142,9577.399092593981550,44,68.736462636945532,1583.718659842476654,424.154993528969101,"100","227",1,1,1,"100, 143, 270, 227",89,124,0,0,0.018686022979888,,,,,,,,,,,,,,,,,,,,,,,,,"Composite of 2019 Landsat 8, manually cleaned in 2025"
-58.649900150061413,-34.166614916696474,143,8298.958914840231955,38,54.387873963902464,79.859073351978736,118.554924815844799,"100","183",1,1,1,"100, 142, 141, 183",89,123,0,0,0.014785355890143,,,,,,,,,,,,,,,,,,,,,,,,,"Composite of 2019 Landsat 8, manually cleaned in 2025"
-58.857436813361062,-33.857858845703944,156,12177.745004293126840,56,54.417056682483320,4902.820947099509794,691.288063498192400,"173","75",1,1,1,"131, 173, 75, 113",115,70,0,0,0.048730327998304,,,,,,,,,,,,,,,,,,,,,,,,,"Composite of 2019 Landsat 8, manually cleaned in 2025"
-58.953728972855068,-33.874593389799919,158,9126.734411969446228,42,730.306530733520049,26070.087208618420846,1052.404528501060895,"203","173",1,1,1,"113, 203, 173, 243",100,135,0,0,0.551368754259277,,,,,,,,,,,,,,,,,,,,,,,,,"Composite of 2019 Landsat 8, manually cleaned in 2025"
-58.906952179655178,-33.886476859890550,173,887.684331537867024,4,878.200300291812709,27630.652451345136797,1162.805655755215412,158 243,131 156,2,2,1,"158, 243, 131, 156",135,115,0,0,0.737401971721295,,,,,,,,,,,,,,,,,,,,,,,,,"Composite of 2019 Landsat 8, manually cleaned in 2025"
-58.462833795613889,-34.106889039713330,180,3833.893679331446947,17,274.968585911832861,2177.535678735859165,480.110853083624875,"136",221 222,1,2,1,"136, 181, 221, 222",120,150,0,0,0.079812385815013,,,,,,,,,,,,,,,,,,,,,,,,,"Composite of 2019 Landsat 8, manually cleaned in 2025"
-58.460565887033518,-34.091560944351905,181,3053.485600027999226,14,173.127102567582597,3219.841883993953616,480.110853083624875,"136",223 224,1,2,1,"136, 180, 223, 224",120,151,0,0,0.050251875352735,,,,,,,,,,,,,,,,,,,,,,,,,"Composite of 2019 Landsat 8, manually cleaned in 2025"
-58.515093897200096,-34.170101417709269,182,8121.573528594751224,38,166.186086928933747,1421.109782759872360,265.096870955605709,"140",226 1194,1,2,1,"137, 140, 226, 1194",121,152,0,0,0.030865477671403,,,,,,,,,,,,,,,,,,,,,,,,,"Composite of 2019 Landsat 8, manually cleaned in 2025"
-58.626523564955029,-34.217102546286647,183,12481.246497324231314,58,126.787330605143069,1798.463028034841045,532.838116130434400,141 143,"228",2,1,1,"141, 143, 227, 228",123,153,0,0,0.046452750032620,,,,,,,,,,,,,,,,,,,,,,,,,"Composite of 2019 Landsat 8, manually cleaned in 2025"
-59.007201192141487,-33.844463578080536,203,6504.939747290889500,30,515.721858337431172,3364.861192279188799,691.288063498192400,245 246,113 158,2,2,1,"245, 246, 113, 158",168,100,0,0,0.591562989932365,,,,,,,,,,,,,,,,,,,,,,,,,"Composite of 2019 Landsat 8, manually cleaned in 2025"
-58.441385943133632,-34.158462052158171,221,10117.336002582280344,46,136.240227646369050,1159.241832394819539,335.323965121380581,"180",257 1179,1,2,1,"180, 222, 257, 1179",150,180,0,0,0.030780445586917,,,,,,,,,,,,,,,,,,,,,,,,,"Composite of 2019 Landsat 8, manually cleaned in 2025"
-58.440275824019416,-34.118574837209238,222,1475.445790877263335,6,217.024886132850099,1038.145446058925700,335.323965121380581,"180","1181",1,1,1,"180, 221, 224, 1181",150,181,0,0,0.049031940228096,,,,,,,,,,,,,,,,,,,,,,,,,"Composite of 2019 Landsat 8, manually cleaned in 2025"
-58.443384662989992,-34.086574798719205,223,608.942430871068950,2,141.095680053308826,917.634036748600579,218.604479994139353,"181",1183 1188,1,2,1,"181, 224, 1183, 1188",151,182,0,0,0.035252221941213,,,,,,,,,,,,,,,,,,,,,,,,,"Composite of 2019 Landsat 8, manually cleaned in 2025"
-58.436683580926427,-34.103073282489675,224,3935.841216001979319,18,60.035543353607771,981.765055260648978,237.109849631689599,"181","1181",1,1,1,"181, 223, 222, 1181",151,181,0,0,0.014999653411522,,,,,,,,,,,,,,,,,,,,,,,,,"Composite of 2019 Landsat 8, manually cleaned in 2025"
-58.489937827489406,-34.222748601817962,226,7667.921249386793534,35,55.181788578285094,225.332676463473490,212.077496764484550,"182","266",1,1,1,"182, 1194, 266, 302",152,184,0,0,0.005892118680921,,,,,,,,,,,,,,,,,,,,,,,,,"Composite of 2019 Landsat 8, manually cleaned in 2025"
-58.681405327200125,-34.256545249797895,227,6600.778196070707963,30,505.442648736778267,3598.061173427573067,604.513875068518018,142 270,"228",2,1,1,"142, 270, 183, 228",124,153,0,0,0.213637551207832,,,,,,,,,,,,,,,,,,,,,,,,,"Composite of 2019 Landsat 8, manually cleaned in 2025"
-58.649297020936558,-34.265622090923259,228,138.980764169986884,1,583.741990946177111,1069.459223756920437,636.232490293453679,183 227,267 308,2,2,1,"183, 227, 267, 308",153,185,0,0,0.260090301240452,,,,,,,,,,,,,,,,,,,,,,,,,"Composite of 2019 Landsat 8, manually cleaned in 2025"
-58.971691173517762,-34.125142252543881,233,10688.788074428537584,49,378.335262743554608,3634.999176249396896,540.693647198008648,"558",103 270,1,2,1,"272, 558, 103, 270",189,91,0,0,0.222403792605616,,,,,,,,,,,,,,,,,,,,,,,,,"Composite of 2019 Landsat 8, manually cleaned in 2025"
-58.940263244806182,-33.908236907873480,243,7749.980777731546368,36,517.798325948723004,7906.352573654043226,1029.450034210515696,272 398,"173",2,1,1,"272, 398, 158, 173",197,135,0,0,0.186033217462018,,,,,,,,,,,,,,,,,,,,,,,,,"Composite of 2019 Landsat 8, manually cleaned in 2025"
-59.048239189254886,-33.833856333337572,245,3033.408241624623770,14,744.545139923752799,103522.483205832933891,1309.481944956498637,"318","203",1,1,1,"246, 318, 203",199,168,0,0,0.511997270264269,,,,,,,,,,,,,,,,,,,,,,,,,"Composite of 2019 Landsat 8, manually cleaned in 2025"
-59.051935584332981,-33.843595342304816,246,3277.647381850027159,15,115.704268995105537,80464.751501167207607,1196.171603978970779,"318","203",1,1,1,"245, 318, 203",199,168,0,0,0.079565719668096,,,,,,,,,,,,,,,,,,,,,,,,,"Composite of 2019 Landsat 8, manually cleaned in 2025"
-58.400062403349239,-34.200084871993653,257,4239.532059110691989,19,103.198398501066734,724.933902573819182,224.942154148852666,"221",1186 1192,1,2,1,"221, 1179, 1186, 1192",180,205,0,0,0.019664625713520,,,,,,,,,,,,,,,,,,,,,,,,,"Composite of 2019 Landsat 8, manually cleaned in 2025"
-58.499180216284358,-34.257100034972666,266,2635.762935191214638,12,57.254313823742329,482.443333826750290,167.661982560690291,226 302,"1189",2,1,1,"226, 302, 304, 1189",184,214,0,0,0.021840849541970,,,,,,,,,,,,,,,,,,,,,,,,,"Composite of 2019 Landsat 8, manually cleaned in 2025"
-58.618784324673697,-34.271130911758213,267,5967.990435886023079,27,659.227290642083972,1477.234854236298588,721.141454452143307,"228",306 302,1,2,1,"228, 308, 306, 302",185,215,0,0,0.231465886847897,,,,,,,,,,,,,,,,,,,,,,,,,"Composite of 2019 Landsat 8, manually cleaned in 2025"
-58.843968646474643,-34.194352978056557,270,29180.710191503647366,135,406.453708910585306,2533.865599662842214,553.538517465926020,"233","227",1,1,1,"103, 233, 142, 227",91,124,0,0,0.194951528227944,,,,,,,,,,,,,,,,,,,,,,,,,"Composite of 2019 Landsat 8, manually cleaned in 2025"
-58.980607107041237,-34.014347214907268,272,20650.321334468604618,94,105.290748241542303,1493.393723108207041,540.693647198008648,"558","243",1,1,1,"233, 558, 243, 398",189,197,0,0,0.061895001711947,,,,,,,,,,,,,,,,,,,,,,,,,"Composite of 2019 Landsat 8, manually cleaned in 2025"
-58.536167452804115,-34.259571058740242,302,15681.572044144188112,72,57.135144103270385,3233.683034861554006,638.437808830764425,"267","266",1,1,1,"267, 306, 226, 266",215,184,0,0,0.015948730861050,,,,,,,,,,,,,,,,,,,,,,,,,"Composite of 2019 Landsat 8, manually cleaned in 2025"
-58.540538989192974,-34.266046463922748,304,8333.327784557755876,38,69.420879804863546,11243.993331575522461,888.766665178601556,"306","1189",1,1,1,"343, 306, 266, 1189",243,214,0,0,0.014362089093475,,,,,,,,,,,,,,,,,,,,,,,,,"Composite of 2019 Landsat 8, manually cleaned in 2025"
-58.580563240896225,-34.282987003053968,306,2154.040224234060133,10,772.074208996040966,3464.418464486984703,888.766665178601556,"267",304 343,1,2,1,"267, 302, 304, 343",215,243,0,0,0.215517155986848,,,,,,,,,,,,,,,,,,,,,,,,,"Composite of 2019 Landsat 8, manually cleaned in 2025"
-58.673097428491026,-34.359684875956148,308,25021.030434481090197,116,81.523871198438769,1646.965296108297480,583.213116102332492,"228","348",1,1,1,"228, 267, 347, 348",185,245,0,0,0.028624414392555,,,,,,,,,,,,,,,,,,,,,,,,,"Composite of 2019 Landsat 8, manually cleaned in 2025"
-59.129874267363590,-33.849604911863523,318,13756.241944969211545,64,842.875852653297898,28886.148561172067275,1196.171603978970779,357 358,245 246,2,2,1,"357, 358, 245, 246",255,199,0,0,0.591562989932365,,,,,,,,,,,,,,,,,,,,,,,,,"Composite of 2019 Landsat 8, manually cleaned in 2025"
-58.568756296682963,-34.288482256924347,343,560.471399917011922,2,972.307136521566349,850.855938465448730,1018.468919810068201,"306",383 384,1,2,1,"304, 306, 383, 384",243,272,0,0,0.201155066893373,,,,,,,,,,,,,,,,,,,,,,,,,"Composite of 2019 Landsat 8, manually cleaned in 2025"
-58.577573437690305,-34.388014673326346,347,7203.288298249596664,33,79.096537409905636,736.443472622880563,191.164072239099283,"384","348",1,1,1,"389, 384, 308, 348",275,245,0,0,0.007396263113032,,,,,,,,,,,,,,,,,,,,,,,,,"Composite of 2019 Landsat 8, manually cleaned in 2025"
-58.555384352065978,-34.426017729593468,348,3305.260682073883345,15,155.757639515064056,681.057727507383788,237.109849631689599,308 347,"1197",2,1,1,"308, 347, 392, 1197",245,276,0,0,0.036020677505587,,,,,,,,,,,,,,,,,,,,,,,,,"Composite of 2019 Landsat 8, manually cleaned in 2025"
-59.181460431772813,-33.775118424649975,357,7410.494210975540227,34,652.401987127393454,44004.420549615228083,1123.460397071715533,399 400,"318",2,1,1,"399, 400, 318, 358",285,255,0,0,0.293822895726850,,,,,,,,,,,,,,,,,,,,,,,,,"Composite of 2019 Landsat 8, manually cleaned in 2025"
-59.194972221786159,-33.809141961847324,358,4159.679757022536251,19,538.316786687052513,16393.748800163073611,901.329361249059275,402 641,"318",2,1,1,"402, 641, 318, 357",286,255,0,0,0.297740094205516,,,,,,,,,,,,,,,,,,,,,,,,,"Composite of 2019 Landsat 8, manually cleaned in 2025"
-58.553593037963040,-34.296479468195564,383,3037.176212534862771,14,854.118040825852177,6562.329276359687356,1019.848025275680470,"343",437 438,1,2,1,"343, 384, 437, 438",272,306,0,0,0.182959221582842,,,,,,,,,,,,,,,,,,,,,,,,,"Composite of 2019 Landsat 8, manually cleaned in 2025"
-58.564674723006618,-34.334107317445657,384,11666.658898380856044,54,84.944610134142991,10159.479026542894644,986.217368386843191,"343",347 389,1,2,1,"343, 383, 347, 389",272,275,0,0,0.018195845310531,,,,,,,,,,,,,,,,,,,,,,,,,"Composite of 2019 Landsat 8, manually cleaned in 2025"
-58.539373037029740,-34.385583301808531,389,4428.087467363032374,20,115.492045677860844,921.809225447043104,237.109849631689599,"384","443",1,1,1,"347, 384, 443, 444",275,309,0,0,0.010799582197499,,,,,,,,,,,,,,,,,,,,,,,,,"Composite of 2019 Landsat 8, manually cleaned in 2025"
-58.534905290456173,-34.416680895742758,392,3883.925454939152587,18,155.776003737799016,1015.165938901953837,318.116245146726840,"443","1197",1,1,1,"443, 1200, 348, 1197",311,276,0,0,0.014226129385295,,,,,,,,,,,,,,,,,,,,,,,,,"Composite of 2019 Landsat 8, manually cleaned in 2025"
-59.113552890534947,-33.901623821031308,398,31708.550392857508996,146,532.905687267374446,10253.109865054999318,1091.735733956750209,"453","243",1,1,1,"453, 402, 243, 272",317,197,0,0,0.124138215750071,,,,,,,,,,,,,,,,,,,,,,,,,"Composite of 2019 Landsat 8, manually cleaned in 2025"
-59.208500123945022,-33.730935813695481,399,6488.630359797753954,29,295.959797603198695,18772.221072256641492,1000.367551504971289,"456","357",1,1,1,"456, 400, 357",318,285,0,0,0.139671651878722,,,,,,,,,,,,,,,,,,,,,,,,,"Composite of 2019 Landsat 8, manually cleaned in 2025"
-59.202781491256729,-33.727213506944921,400,6439.378956516871767,30,326.641593450815208,43937.080115693941480,1000.367551504971289,"456","357",1,1,1,"399, 456, 357",318,285,0,0,0.154151243848128,,,,,,,,,,,,,,,,,,,,,,,,,"Composite of 2019 Landsat 8, manually cleaned in 2025"
-59.215398351834033,-33.814760804466793,402,245.019512552229230,1,1044.268988398930560,4876.337306135751533,1113.406858013543797,"453","358",1,1,1,"398, 453, 358, 641",317,286,0,0,0.243258220132176,,,,,,,,,,,,,,,,,,,,,,,,,"Composite of 2019 Landsat 8, manually cleaned in 2025"
-58.533210487538696,-34.321807042093987,437,5452.545336814296206,25,200.423886876514501,41619.520440218679141,1124.710770744263527,"383",444 1201,1,2,1,"383, 438, 444, 1201",306,342,0,0,0.031540467375475,,,,,,,,,,,,,,,,,,,,,,,,,"Composite of 2019 Landsat 8, manually cleaned in 2025"
-58.526283901667703,-34.299213258462480,438,2394.188152747754884,11,962.190410908053991,2579.935938819763123,1029.450034210515696,"383",498 440,1,2,1,"383, 437, 498, 440",306,343,0,0,0.151418754207367,,,,,,,,,,,,,,,,,,,,,,,,,"Composite of 2019 Landsat 8, manually cleaned in 2025"
-58.508139320252312,-34.296963030308483,440,1341.336610745811413,6,328.234136403452965,41622.466370808906504,1007.368109631301650,"438",501 1196,1,2,1,"438, 498, 501, 1196",343,307,0,0,0.045326109897396,,,,,,,,,,,,,,,,,,,,,,,,,"Composite of 2019 Landsat 8, manually cleaned in 2025"
-58.520781166434787,-34.401275086677863,443,887.684331537866797,4,216.942571695340973,1373.041885692936603,318.116245146726840,389 444,392 1200,2,2,1,"389, 444, 392, 1200",309,311,0,0,0.030282734558005,,,,,,,,,,,,,,,,,,,,,,,,,"Composite of 2019 Landsat 8, manually cleaned in 2025"
-58.523683739308211,-34.370480947279411,444,6593.242254250226324,30,183.152131390242431,1120.399911679736988,309.153420403229916,"437","443",1,1,1,"437, 1201, 389, 443",342,309,0,0,0.019483152360507,,,,,,,,,,,,,,,,,,,,,,,,,"Composite of 2019 Landsat 8, manually cleaned in 2025"
-59.227535163623550,-33.814970654438440,453,2183.994641438389408,10,881.482254466906056,5899.927232631043807,1146.984433434595985,563 566,398 402,2,2,1,"563, 566, 398, 402",352,317,0,0,0.367396435882247,,,,,,,,,,,,,,,,,,,,,,,,,"Composite of 2019 Landsat 8, manually cleaned in 2025"
-59.242671453565755,-33.685571692910585,456,7622.894948541502345,35,763.029375697345017,16465.184835023235792,1049.730052694645792,708 706,399 400,2,2,1,"708, 706, 399, 400",353,318,0,0,0.293822895726850,,,,,,,,,,,,,,,,,,,,,,,,,"Composite of 2019 Landsat 8, manually cleaned in 2025"
-58.501520715575168,-34.311527173908047,498,3586.990181324096739,16,768.281848203419372,4454.855503209060771,1007.368109631301650,"438",1205 1207,1,2,1,"438, 440, 1205, 1207",343,374,0,0,0.106092644309972,,,,,,,,,,,,,,,,,,,,,,,,,"Composite of 2019 Landsat 8, manually cleaned in 2025"
-58.493535630990351,-34.297704575732361,501,2000.310817224585207,9,130.375168131201917,2530.119619168337522,285.518067990320958,"440",1203 1210,1,2,1,"440, 1196, 1203, 1210",307,376,0,0,0.015457734789325,,,,,,,,,,,,,,,,,,,,,,,,,"Composite of 2019 Landsat 8, manually cleaned in 2025"
-59.132816472546857,-34.011932477208347,558,35687.533924249670235,165,373.867817625386408,3688.254890498797067,545.867866978375105,742 793,233 272,2,2,1,"742, 793, 233, 272",420,189,0,0,0.284298794317563,,,,,,,,,,,,,,,,,,,,,,,,,"Composite of 2019 Landsat 8, manually cleaned in 2025"
-59.252167007398221,-33.797285752445809,563,4639.841723326047941,21,1133.894903487109559,71110.947727060440229,1508.026099923691845,"633","453",1,1,1,"633, 641, 453, 566",426,352,0,0,0.305712513307920,,,,,,,,,,,,,,,,,,,,,,,,,"Composite of 2019 Landsat 8, manually cleaned in 2025"
-59.268631035716389,-33.818045630691323,566,6244.391219572345108,29,131.720187062919820,9405.277793061688499,759.121912555365043,"768","453",1,1,1,"768, 742, 453, 563",429,352,0,0,0.061683922574327,,,,,,,,,,,,,,,,,,,,,,,,,"Composite of 2019 Landsat 8, manually cleaned in 2025"
-59.234794087871798,-33.735744169085450,633,10713.090535267498126,49,831.494492287210960,57749.879589785268763,1442.282908904286614,"766",563 641,1,2,1,"768, 766, 563, 641",480,426,0,0,0.360194387381260,,,,,,,,,,,,,,,,,,,,,,,,,"Composite of 2019 Landsat 8, manually cleaned in 2025"
-59.234310178489970,-33.793200615209578,641,6645.804496916002790,31,202.074552577975965,67104.418827479283209,1391.695452783002565,"633","358",1,1,1,"563, 633, 358, 402",426,286,0,0,0.054481874073340,,,,,,,,,,,,,,,,,,,,,,,,,"Composite of 2019 Landsat 8, manually cleaned in 2025"
-59.314290732277833,-33.573242224036790,706,23477.493385771736939,109,559.021487071721822,37341.057736368493352,1113.406858013543797,771 772,"456",2,1,1,"771, 772, 456, 708",530,353,0,0,0.146750081069533,,,,,,,,,,,,,,,,,,,,,,,,,"Composite of 2019 Landsat 8, manually cleaned in 2025"
-59.458394441859824,-33.557518421830061,708,50518.320973631613015,235,70.397117680196132,869.895096878041272,477.174367720090231,773 774,"456",2,1,1,"773, 774, 456, 706",532,353,0,0,0.147072814657317,,,,,,,,,,,,,,,,,,,,,,,,,"Composite of 2019 Landsat 8, manually cleaned in 2025"
-59.256197795370191,-33.889597301695119,742,19016.006771095602744,88,405.155380540255294,5689.088056092831721,678.979279873378800,"768","558",1,1,1,"566, 768, 558, 793",429,420,0,0,0.189732292984667,,,,,,,,,,,,,,,,,,,,,,,,,"Composite of 2019 Landsat 8, manually cleaned in 2025"
-59.309541476928381,-33.728369456858211,766,4993.241101240987518,23,847.288837466466589,35959.649635917754495,1442.282908904286614,814 815,633 768,2,2,1,"814, 815, 633, 768",571,480,0,0,0.611610602940254,,,,,,,,,,,,,,,,,,,,,,,,,"Composite of 2019 Landsat 8, manually cleaned in 2025"
-59.316143363181574,-33.789248568428157,768,21837.794647481081483,101,580.384386411106561,32365.601753124366951,1493.039133250421855,"766",566 742,1,2,1,"633, 766, 566, 742",480,429,0,0,0.251416215558993,,,,,,,,,,,,,,,,,,,,,,,,,"Composite of 2019 Landsat 8, manually cleaned in 2025"
-59.395671301991200,-33.509660698203781,771,3532.867194004679732,16,548.383682447426736,19103.318519870568707,905.995463326661252,"816","706",1,1,1,"816, 772, 706",574,530,0,0,0.101630369895120,,,,,,,,,,,,,,,,,,,,,,,,,"Composite of 2019 Landsat 8, manually cleaned in 2025"
-59.389761993000370,-33.503813741571847,772,3711.222302654596660,17,243.459837746557668,33597.437482587352861,905.995463326661252,"816","706",1,1,1,"771, 816, 706",574,530,0,0,0.045119711174413,,,,,,,,,,,,,,,,,,,,,,,,,"Composite of 2019 Landsat 8, manually cleaned in 2025"
-59.741739064203912,-33.362385483824049,773,35815.857257291885617,165,74.551501248783481,1040.124437926498786,456.089902247069062,"817","708",1,1,1,"817, 844, 708, 774",575,532,0,0,0.024749936754748,,,,,,,,,,,,,,,,,,,,,,,,,"Composite of 2019 Landsat 8, manually cleaned in 2025"
-59.626943923785944,-33.463790120945923,774,1184.942845954392851,5,61.946469846714521,295.083386782082982,106.038748382242275,819 888,"708",2,1,1,"819, 888, 708, 773",576,532,0,0,0.122322877902569,,,,,,,,,,,,,,,,,,,,,,,,,"Composite of 2019 Landsat 8, manually cleaned in 2025"
-59.332027404336777,-33.886417089661798,793,20429.202610583750356,95,86.128139220476982,1060.894068662206109,427.455860382306469,828 934,"558",2,1,1,"828, 934, 558, 742",590,420,0,0,0.094566501332896,,,,,,,,,,,,,,,,,,,,,,,,,"Composite of 2019 Landsat 8, manually cleaned in 2025"
-59.361714689819223,-33.735269867515896,814,5485.164111800565479,25,1334.384367798045332,148233.427452814823482,1851.887126240178986,"875","766",1,1,1,"815, 875, 766",602,571,0,0,0.537189971483433,,,,,,,,,,,,,,,,,,,,,,,,,"Composite of 2019 Landsat 8, manually cleaned in 2025"
-59.368915575066019,-33.754492463690156,815,8723.303258446803738,40,184.861468994686817,99420.334835869725794,1647.017652677556498,"875","766",1,1,1,"814, 875, 766",602,571,0,0,0.074420631456821,,,,,,,,,,,,,,,,,,,,,,,,,"Composite of 2019 Landsat 8, manually cleaned in 2025"
-59.423019453101922,-33.468526908142003,816,7759.534595731020090,36,433.093454561913859,32406.020304858469899,1091.735733956750209,840 877,771 772,2,2,1,"840, 877, 771, 772",603,574,0,0,0.146750081069533,,,,,,,,,,,,,,,,,,,,,,,,,"Composite of 2019 Landsat 8, manually cleaned in 2025"
-59.837698464626136,-33.272590381049199,817,3906.667171124474407,18,378.174149680042376,8980.363849072749872,545.867866978375105,842 843,773 844,2,2,1,"842, 843, 773, 844",604,575,0,0,0.171500017824280,,,,,,,,,,,,,,,,,,,,,,,,,"Composite of 2019 Landsat 8, manually cleaned in 2025"
-59.691289851052325,-33.482829412288567,819,12664.473190012686246,58,55.240466619921825,61.711676206628979,106.038748382242275,"846","774",1,1,1,"846, 984, 774, 888",606,576,0,0,0.024376230796153,,,,,,,,,,,,,,,,,,,,,,,,,"Composite of 2019 Landsat 8, manually cleaned in 2025"
-59.403778145872344,-33.823523871697240,828,1595.452809772168393,7,61.810697580839943,299.159712352795964,118.554924815844799,858 859,"793",2,1,1,"858, 859, 793, 934",615,590,0,0,0.077726864910134,,,,,,,,,,,,,,,,,,,,,,,,,"Composite of 2019 Landsat 8, manually cleaned in 2025"
-59.473100877186447,-33.446505862712755,840,3754.821749570117845,17,607.711315547013669,16734.784343000341323,838.309912803451539,"876","816",1,1,1,"876, 877, 816",625,603,0,0,0.114277803481364,,,,,,,,,,,,,,,,,,,,,,,,,"Composite of 2019 Landsat 8, manually cleaned in 2025"
-59.870725380845691,-33.277575951546552,842,2968.627823177428581,13,333.876209883298543,10442.928072460950716,664.330854484454221,"880","817",1,1,1,"880, 843, 817",627,604,0,0,0.087122403679581,,,,,,,,,,,,,,,,,,,,,,,,,"Composite of 2019 Landsat 8, manually cleaned in 2025"
-59.868768112578216,-33.270681773482494,843,2399.840109113114522,11,323.357446762345148,6395.448400863357165,664.330854484454221,"880","817",1,1,1,"842, 880, 817",627,604,0,0,0.084377614144699,,,,,,,,,,,,,,,,,,,,,,,,,"Composite of 2019 Landsat 8, manually cleaned in 2025"
-59.739491226290966,-33.246592010449490,844,18325.785184206579288,84,442.039062989353738,14896.387690537287199,655.813439982418004,"817",881 882,1,2,1,"773, 817, 881, 882",575,628,0,0,0.146750081069533,,,,,,,,,,,,,,,,,,,,,,,,,"Composite of 2019 Landsat 8, manually cleaned in 2025"
-59.781131535787594,-33.496964794599883,846,11080.324292971234172,51,53.148179726948101,5.542935782320862,74.980718049617565,883 884,819 984,2,2,1,"883, 884, 819, 984",630,606,0,0,0.057442719175556,,,,,,,,,,,,,,,,,,,,,,,,,"Composite of 2019 Landsat 8, manually cleaned in 2025"
-59.498840856382010,-33.752168418400586,858,25122.844080427763402,116,56.283511348707307,3799.295502558796215,882.418250589945501,"897","828",1,1,1,"897, 898, 828, 859",641,615,0,0,0.041831818649633,,,,,,,,,,,,,,,,,,,,,,,,,"Composite of 2019 Landsat 8, manually cleaned in 2025"
-59.446827676281423,-33.763416040818726,859,17898.185460568849521,82,56.028679859293838,10887.510789863950777,1107.077034931852040,"899","828",1,1,1,"899, 875, 828, 858",642,615,0,0,0.035895046260501,,,,,,,,,,,,,,,,,,,,,,,,,"Composite of 2019 Landsat 8, manually cleaned in 2025"
-59.432803776606320,-33.731737833514352,875,8696.470330549760547,40,954.664730670586209,72217.580490007865592,1647.017652677556498,"899",814 815,1,2,1,"859, 899, 814, 815",642,602,0,0,0.611610602940254,,,,,,,,,,,,,,,,,,,,,,,,,"Composite of 2019 Landsat 8, manually cleaned in 2025"
-59.507471774082141,-33.436732430285637,876,3523.447266729081548,16,444.842468390932993,21900.932869106782164,838.309912803451539,912 913,840 877,2,2,1,"912, 913, 840, 877",657,625,0,0,0.146750081069533,,,,,,,,,,,,,,,,,,,,,,,,,"Composite of 2019 Landsat 8, manually cleaned in 2025"
-59.477974127752290,-33.454511230090382,877,4251.293103366762807,19,172.682445153334982,27119.164313548397331,863.092880574739979,"876","816",1,1,1,"840, 876, 816",625,603,0,0,0.032472277588169,,,,,,,,,,,,,,,,,,,,,,,,,"Composite of 2019 Landsat 8, manually cleaned in 2025"
-59.910363909713219,-33.225814304041883,880,14489.093256369309529,67,394.561084226993444,32315.563242575542972,863.092880574739979,"914",842 843,1,2,1,"914, 915, 842, 843",659,627,0,0,0.171500017824280,,,,,,,,,,,,,,,,,,,,,,,,,"Composite of 2019 Landsat 8, manually cleaned in 2025"
-59.653113601115137,-33.307255969774502,881,24614.745573098902241,114,478.676090108268852,29936.244357379993744,1093.022399970696824,"844",916 917,1,2,1,"844, 882, 916, 917",628,660,0,0,0.117683734969623,,,,,,,,,,,,,,,,,,,,,,,,,"Composite of 2019 Landsat 8, manually cleaned in 2025"
-59.651024747482722,-33.373753452538686,882,27183.844104387804691,126,118.226744829520825,5027.022033352304788,571.036135980641916,"844","912",1,1,1,"844, 881, 918, 912",628,661,0,0,0.029066346099910,,,,,,,,,,,,,,,,,,,,,,,,,"Composite of 2019 Landsat 8, manually cleaned in 2025"
-59.833720915207643,-33.511621889432426,883,3288.628053779275433,15,59.678532969627369,79719.474032710844767,1133.424764201612788,"921","846",1,1,1,"920, 921, 846, 884",662,630,0,0,0.039398665493034,,,,,,,,,,,,,,,,,,,,,,,,,"Composite of 2019 Landsat 8, manually cleaned in 2025"
-59.857144691456035,-33.472183345820859,884,13314.673950818811136,62,55.479324187792507,93.304343652337408,118.554924815844799,"923","846",1,1,1,"923, 961, 846, 883",663,630,0,0,0.018044053682523,,,,,,,,,,,,,,,,,,,,,,,,,"Composite of 2019 Landsat 8, manually cleaned in 2025"
-59.691216146525385,-33.454097361548278,888,14172.080624350883227,65,60.129405199520797,211.527600726688206,106.038748382242275,927 961,"774",2,1,1,"927, 961, 774, 819",666,576,0,0,0.097946647106416,,,,,,,,,,,,,,,,,,,,,,,,,"Composite of 2019 Landsat 8, manually cleaned in 2025"
-59.605911240449487,-33.693070368078033,897,2927.369493242380486,13,1263.039398197144919,110358.969383215211565,1744.007015716051455,936 977,858 898,2,2,1,"936, 977, 858, 898",674,641,0,0,0.656270979470984,,,,,,,,,,,,,,,,,,,,,,,,,"Composite of 2019 Landsat 8, manually cleaned in 2025"
-59.576221183120566,-33.674980833714962,898,4756.404012112186138,22,826.710255435719660,46664.946897280919075,1651.279025007457221,"897",938 940,1,2,1,"858, 897, 938, 940",641,675,0,0,0.614439160821351,,,,,,,,,,,,,,,,,,,,,,,,,"Composite of 2019 Landsat 8, manually cleaned in 2025"
-59.472218476607523,-33.673956739343858,899,7987.598239187167565,36,786.452808581576846,17513.389534794085193,1142.072271961283832,940 987,859 875,2,2,1,"940, 987, 859, 875",676,642,0,0,0.647505649200754,,,,,,,,,,,,,,,,,,,,,,,,,"Composite of 2019 Landsat 8, manually cleaned in 2025"
-59.532787377745422,-33.428575106816368,912,2155.924209689180316,10,410.749236446334692,2233.980455220945714,583.213116102332492,882 918,"876",2,1,1,"882, 918, 876, 913",661,657,0,0,0.122099814608282,,,,,,,,,,,,,,,,,,,,,,,,,"Composite of 2019 Landsat 8, manually cleaned in 2025"
-59.529148708318615,-33.423694009572877,913,2750.117997720760286,13,176.517821477142803,31225.187450672550767,863.092880574739979,"951","876",1,1,1,"951, 918, 876, 912",688,657,0,0,0.024650266461251,,,,,,,,,,,,,,,,,,,,,,,,,"Composite of 2019 Landsat 8, manually cleaned in 2025"
-59.944733812107231,-33.238631312699845,914,14706.822709499154371,68,345.244483897065948,11539.625710106594852,736.568686305830965,"952",880 915,1,2,1,"952, 953, 880, 915",689,659,0,0,0.196112313640977,,,,,,,,,,,,,,,,,,,,,,,,,"Composite of 2019 Landsat 8, manually cleaned in 2025"
-59.893580327827245,-33.295386691514999,915,6648.468854697939605,30,56.624216405045075,929.479960981175736,322.504262709612135,"914","927",1,1,1,"880, 914, 927, 1000",659,690,0,0,0.024612295816696,,,,,,,,,,,,,,,,,,,,,,,,,"Composite of 2019 Landsat 8, manually cleaned in 2025"
-59.594222681410123,-33.369048957702333,916,3249.253709299346610,14,314.831238842745108,28895.933384890933667,955.820361195496616,"881","951",1,1,1,"881, 917, 951",660,691,0,0,0.057271816468711,,,,,,,,,,,,,,,,,,,,,,,,,"Composite of 2019 Landsat 8, manually cleaned in 2025"
-59.596112223157071,-33.374436781581814,917,3454.898877371648723,15,332.092821831485082,25887.706195781225688,955.820361195496616,"881","951",1,1,1,"881, 916, 951",660,691,0,0,0.060411918500912,,,,,,,,,,,,,,,,,,,,,,,,,"Composite of 2019 Landsat 8, manually cleaned in 2025"
-59.537330049277543,-33.417909892593606,918,563.135757698956013,2,666.202339490933241,9825.020964703433492,863.092880574739979,"951","912",1,1,1,"913, 951, 882, 912",688,661,0,0,0.093033468508372,,,,,,,,,,,,,,,,,,,,,,,,,"Composite of 2019 Landsat 8, manually cleaned in 2025"
-59.809250375590487,-33.577393467093216,920,15307.448826222911521,71,1019.584130074762470,109123.626804776082281,2153.004438297859906,"921",957 958,1,2,1,"883, 921, 957, 958",662,692,0,0,0.673110615893747,,,,,,,,,,,,,,,,,,,,,,,,,"Composite of 2019 Landsat 8, manually cleaned in 2025"
-59.851593740861915,-33.522100038436612,921,2642.975636210223456,12,978.369639111509173,6069.079955829251958,1294.367879550632551,959 960,883 920,2,2,1,"959, 960, 883, 920",693,662,0,0,0.712509281386781,,,,,,,,,,,,,,,,,,,,,,,,,"Composite of 2019 Landsat 8, manually cleaned in 2025"
-59.937736665586321,-33.425646527654507,923,21549.956060340162367,100,54.176031922362355,43.076715741184969,118.554924815844799,963 964,884 961,2,2,1,"963, 964, 884, 961",695,663,0,0,0.035471885565245,,,,,,,,,,,,,,,,,,,,,,,,,"Composite of 2019 Landsat 8, manually cleaned in 2025"
-59.780943355403117,-33.362021954311352,927,23464.171596862026490,109,77.077172506903011,665.907012853746323,149.961436099235129,915 1000,"888",2,1,1,"915, 1000, 888, 961",690,666,0,0,0.080518815223694,,,,,,,,,,,,,,,,,,,,,,,,,"Composite of 2019 Landsat 8, manually cleaned in 2025"
-59.521856438829765,-33.770887304109877,934,30221.343557724161656,140,97.707389286407945,546.852389318624546,159.058122573363420,"978","793",1,1,1,"977, 978, 793, 828",704,590,0,0,0.016839636422763,,,,,,,,,,,,,,,,,,,,,,,,,"Composite of 2019 Landsat 8, manually cleaned in 2025"
-59.621898434163519,-33.686278817727541,936,774.432882136616399,3,1453.361295093523722,9852.491332456544114,1618.611245767212949,980 1019,"897",2,1,1,"980, 1019, 897, 977",706,674,0,0,0.645556139018704,,,,,,,,,,,,,,,,,,,,,,,,,"Composite of 2019 Landsat 8, manually cleaned in 2025"
-59.552089250553720,-33.648082706651977,938,3362.828399502066986,16,931.979494907044909,55172.318132589382003,1637.603600935125314,"898","987",1,1,1,"898, 940, 984, 987",675,708,0,0,0.339900834167935,,,,,,,,,,,,,,,,,,,,,,,,,"Composite of 2019 Landsat 8, manually cleaned in 2025"
-59.523333537648789,-33.656680219067276,940,7309.327046631834492,33,752.760997581608308,48021.205949656054145,1637.603600935125314,"898","899",1,1,1,"898, 938, 899, 987",675,676,0,0,0.274538326653416,,,,,,,,,,,,,,,,,,,,,,,,,"Composite of 2019 Landsat 8, manually cleaned in 2025"
-59.538803011705447,-33.380382770269669,951,8523.120696662261253,39,434.716276325692775,23433.404565267144790,901.329361249059275,916 917,913 918,2,2,1,"916, 917, 913, 918",691,688,0,0,0.117683734969623,,,,,,,,,,,,,,,,,,,,,,,,,"Composite of 2019 Landsat 8, manually cleaned in 2025"
-60.006608505521982,-33.281769650762271,952,1979.453086494384706,9,268.187572596829341,6373.266946672850281,449.884308297705331,995 996,914 953,2,2,1,"995, 996, 914, 953",719,689,0,0,0.229580051019801,,,,,,,,,,,,,,,,,,,,,,,,,"Composite of 2019 Landsat 8, manually cleaned in 2025"
-59.974430530983547,-33.298073670526861,953,7327.843660381567133,33,58.918032753964049,1328.448041066352744,403.783524054475379,"952","1000",1,1,1,"914, 952, 998, 1000",689,720,0,0,0.033467737378824,,,,,,,,,,,,,,,,,,,,,,,,,"Composite of 2019 Landsat 8, manually cleaned in 2025"
-59.752847470699798,-33.617445799648877,957,1231.529891453329810,5,1847.305574199723878,3806.366229523889160,1962.433192309187234,"920",1001 1033,1,2,1,"920, 958, 1001, 1033",692,722,0,0,0.416689846265046,,,,,,,,,,,,,,,,,,,,,,,,,"Composite of 2019 Landsat 8, manually cleaned in 2025"
-59.726861225304646,-33.602898471334051,958,6207.681232874361740,28,1136.786800354100023,71880.846678233516286,1962.433192309187234,"920","1003",1,1,1,"920, 957, 1003, 1004",692,723,0,0,0.256420769628701,,,,,,,,,,,,,,,,,,,,,,,,,"Composite of 2019 Landsat 8, manually cleaned in 2025"
-59.884735547528798,-33.514322835386544,959,4238.428445982396624,19,955.856915039151886,38417.782986549413181,1633.306549181015725,"1005","921",1,1,1,"1005, 960, 921",724,693,0,0,0.541691788515069,,,,,,,,,,,,,,,,,,,,,,,,,"Composite of 2019 Landsat 8, manually cleaned in 2025"
-59.879600467017845,-33.505171332116070,960,4888.629206788516058,22,301.420632974086232,117983.597734697061242,1622.080941594026172,"1005","921",1,1,1,"959, 1005, 921",724,693,0,0,0.170817492871712,,,,,,,,,,,,,,,,,,,,,,,,,"Composite of 2019 Landsat 8, manually cleaned in 2025"
-59.820603411613568,-33.424026803472678,961,17411.134034047809109,80,53.584651870573062,23.162686261611579,118.554924815844799,"923","888",1,1,1,"884, 923, 888, 927",663,666,0,0,0.017427831882723,,,,,,,,,,,,,,,,,,,,,,,,,"Composite of 2019 Landsat 8, manually cleaned in 2025"
-60.048990349895803,-33.374885909796390,963,9354.664164701720438,42,53.164813554422430,6.242299934228724,74.980718049617565,"1006","923",1,1,1,"1006, 964, 923",725,695,0,0,0.017687194838473,,,,,,,,,,,,,,,,,,,,,,,,,"Composite of 2019 Landsat 8, manually cleaned in 2025"
-59.998592711280573,-33.362211215007100,964,18368.147127269945486,85,53.457870241540370,10.157218144868660,74.980718049617565,"1006","923",1,1,1,"963, 1006, 923",725,695,0,0,0.017784690726772,,,,,,,,,,,,,,,,,,,,,,,,,"Composite of 2019 Landsat 8, manually cleaned in 2025"
-59.624478653612371,-33.692825601436603,977,1321.259252342435047,5,62.169934132161323,259953.325825006933883,1591.464636646358940,"978","897",1,1,1,"934, 978, 897, 936",704,674,0,0,0.010714840452280,,,,,,,,,,,,,,,,,,,,,,,,,"Composite of 2019 Landsat 8, manually cleaned in 2025"
-59.632918772305189,-33.691063397761241,978,1465.568732076310198,6,80.664885088483047,1951.004808865152881,265.096870955605709,"1018",934 977,1,2,1,"1018, 980, 934, 977",736,704,0,0,0.027554476875043,,,,,,,,,,,,,,,,,,,,,,,,,"Composite of 2019 Landsat 8, manually cleaned in 2025"
-59.630894654231504,-33.688238504782873,980,1387.923656244748827,6,132.605097386084680,111707.030425706834649,1233.199187249733995,"1018","936",1,1,1,"978, 1018, 936, 1019",736,706,0,0,0.045296836230904,,,,,,,,,,,,,,,,,,,,,,,,,"Composite of 2019 Landsat 8, manually cleaned in 2025"
-59.675216733988925,-33.545724933123438,984,46347.605085326045810,214,74.933990526899564,1468.152557276694324,670.647930242761163,"846","987",1,1,1,"819, 846, 938, 987",606,708,0,0,0.033066488379403,,,,,,,,,,,,,,,,,,,,,,,,,"Composite of 2019 Landsat 8, manually cleaned in 2025"
-59.512196830868433,-33.630957264135738,987,6036.862066044926905,28,594.942278549061029,9163.828513856482459,1045.705513713803384,938 984,"899",2,1,1,"938, 984, 899, 940",708,676,0,0,0.372967322547339,,,,,,,,,,,,,,,,,,,,,,,,,"Composite of 2019 Landsat 8, manually cleaned in 2025"
-60.021405922362533,-33.279904155072984,995,1559.846436202480163,7,231.165878704559901,20063.526121665199753,638.437808830764425,"1026","952",1,1,1,"1026, 996, 952",748,719,0,0,0.124125683432671,,,,,,,,,,,,,,,,,,,,,,,,,"Composite of 2019 Landsat 8, manually cleaned in 2025"
-60.025150086412779,-33.283216762553806,996,1905.252740771591334,8,196.393291640850350,18649.365086071342375,638.437808830764425,"1026","952",1,1,1,"995, 1026, 952",748,719,0,0,0.105454367587130,,,,,,,,,,,,,,,,,,,,,,,,,"Composite of 2019 Landsat 8, manually cleaned in 2025"
-60.013451606819658,-33.301908932637197,998,16392.785252487261459,76,53.573738210850181,1426.040508968688528,502.985947682070957,"1030","1000",1,1,1,"1030, 1026, 953, 1000",750,720,0,0,0.022438782028173,,,,,,,,,,,,,,,,,,,,,,,,,"Composite of 2019 Landsat 8, manually cleaned in 2025"
-59.892960400463537,-33.318949055894116,1000,13173.162719590747656,61,53.915338077946544,50.479439311607898,106.038748382242275,953 998,"927",2,1,1,"953, 998, 915, 927",720,690,0,0,0.055906519406998,,,,,,,,,,,,,,,,,,,,,,,,,"Composite of 2019 Landsat 8, manually cleaned in 2025"
-59.732071120518022,-33.624858225798064,1001,3464.775936172600723,16,1174.976352998076209,94226.405474538900307,1684.982071125477432,"957",1032 1004,1,2,1,"957, 1033, 1032, 1004",722,752,0,0,0.391691458671901,,,,,,,,,,,,,,,,,,,,,,,,,"Composite of 2019 Landsat 8, manually cleaned in 2025"
-59.673978601465862,-33.614604706198556,1003,4898.506265589468057,22,649.628926604083176,51561.167690247413702,1470.272272902653867,958 1004,"1036",2,1,1,"958, 1004, 1036, 1032",723,754,0,0,0.454350738500507,,,,,,,,,,,,,,,,,,,,,,,,,"Composite of 2019 Landsat 8, manually cleaned in 2025"
-59.704747993602041,-33.618878241713588,1004,2607.692503442004181,12,542.630403411515999,5831.791030700653209,797.055966010979432,"1001","1003",1,1,1,"1001, 1032, 958, 1003",752,723,0,0,0.197929968871805,,,,,,,,,,,,,,,,,,,,,,,,,"Composite of 2019 Landsat 8, manually cleaned in 2025"
-59.904441537212570,-33.504063525902815,1005,574.116429628204287,2,1848.098525743651862,11206.713438631255485,1979.547759269187736,1038 1099,959 960,2,2,1,"1038, 1099, 959, 960",755,724,0,0,0.712509281386781,,,,,,,,,,,,,,,,,,,,,,,,,"Composite of 2019 Landsat 8, manually cleaned in 2025"
-60.084669002473930,-33.352408835437011,1006,2869.021403487369753,13,61.227287809849905,7999.330669770494751,530.193741911211418,"1039",963 964,1,2,1,"1039, 1040, 963, 964",756,725,0,0,0.035471885565245,,,,,,,,,,,,,,,,,,,,,,,,,"Composite of 2019 Landsat 8, manually cleaned in 2025"
-59.646104335607369,-33.676569392279433,1018,2879.221703089794119,13,157.265010316746867,1186.635982699251599,265.096870955605709,1049 1033,978 980,2,2,1,"1049, 1033, 978, 980",763,736,0,0,0.072851313105947,,,,,,,,,,,,,,,,,,,,,,,,,"Composite of 2019 Landsat 8, manually cleaned in 2025"
-59.627370655526377,-33.678205383823325,1019,1607.213854028241713,7,794.872279742276760,24882.349798032853869,1283.463153821028072,1051 1119,"936",2,1,1,"1051, 1119, 936, 980",764,706,0,0,0.600259302787800,,,,,,,,,,,,,,,,,,,,,,,,,"Composite of 2019 Landsat 8, manually cleaned in 2025"
-60.027485892231496,-33.274000001297232,1026,419.606650291904941,1,548.134098202197720,3494.228421772929323,638.437808830764425,"1030",995 996,1,2,1,"998, 1030, 995, 996",750,748,0,0,0.229580051019801,,,,,,,,,,,,,,,,,,,,,,,,,"Composite of 2019 Landsat 8, manually cleaned in 2025"
-60.053303183044207,-33.231232335306792,1030,14405.796224172387156,66,235.327205182146400,4116.753265930342423,502.985947682070957,1061 1095,998 1026,2,2,1,"1061, 1095, 998, 1026",772,750,0,0,0.252018833047974,,,,,,,,,,,,,,,,,,,,,,,,,"Composite of 2019 Landsat 8, manually cleaned in 2025"
-59.686872450941699,-33.629434155033344,1032,5798.732013710231513,26,531.202404442046145,44341.891220817480644,1470.272272902653867,"1001","1036",1,1,1,"1001, 1004, 1003, 1036",752,754,0,0,0.193761489800096,,,,,,,,,,,,,,,,,,,,,,,,,"Composite of 2019 Landsat 8, manually cleaned in 2025"
-59.717130883953395,-33.655301363809862,1033,12459.608394267213953,57,74.988906790609164,49614.695891907416808,1644.455528773166179,"957","1018",1,1,1,"957, 1001, 1018, 1049",722,763,0,0,0.024998387593144,,,,,,,,,,,,,,,,,,,,,,,,,"Composite of 2019 Landsat 8, manually cleaned in 2025"
-59.652895110229174,-33.630477213483807,1036,1142.904143692519938,5,1486.720891791511576,15132.315161467235157,1622.947206511099239,1003 1032,1064 1051,2,2,1,"1003, 1032, 1064, 1051",754,774,0,0,0.648112228300603,,,,,,,,,,,,,,,,,,,,,,,,,"Composite of 2019 Landsat 8, manually cleaned in 2025"
-59.954699291446261,-33.498859913066646,1038,9607.676750599786828,44,758.228867029650701,65966.204085537756328,1684.982071125477432,"1067","1005",1,1,1,"1067, 1068, 1005, 1099",776,755,0,0,0.271583186330431,,,,,,,,,,,,,,,,,,,,,,,,,"Composite of 2019 Landsat 8, manually cleaned in 2025"
-60.103207404071775,-33.362426355475421,1039,2483.137141310034622,11,772.611373983285489,148069.618601062713424,1964.580666807978560,"1069",1006 1040,1,2,1,"1069, 1070, 1006, 1040",777,756,0,0,0.271959548730285,,,,,,,,,,,,,,,,,,,,,,,,,"Composite of 2019 Landsat 8, manually cleaned in 2025"
-60.067303383891804,-33.365805686307070,1040,5265.873914017073730,24,408.196462786052848,5952.606096456845080,636.232490293453679,"1039",1071 1072,1,2,1,"1006, 1039, 1071, 1072",756,778,0,0,0.236487663165040,,,,,,,,,,,,,,,,,,,,,,,,,"Composite of 2019 Landsat 8, manually cleaned in 2025"
-59.659919134652078,-33.661038028849063,1049,2002.194802679705390,9,129.685824560055181,3436.266887266498543,403.783524054475379,"1064","1018",1,1,1,"1064, 1119, 1018, 1033",787,763,0,0,0.047852925512803,,,,,,,,,,,,,,,,,,,,,,,,,"Composite of 2019 Landsat 8, manually cleaned in 2025"
-59.633361879168049,-33.649880310202178,1051,5174.583808474324542,24,753.085674004122211,12817.875336322636940,1118.444923825069054,"1036","1019",1,1,1,"1036, 1064, 1019, 1119",774,764,0,0,0.495416494173566,,,,,,,,,,,,,,,,,,,,,,,,,"Composite of 2019 Landsat 8, manually cleaned in 2025"
-60.088862148280747,-33.255605873025267,1061,4936.319865415747699,23,156.789511471145175,6251.689322975369578,545.867866978375105,"1142","1030",1,1,1,"1095, 1142, 1030",797,772,0,0,0.134261287519628,,,,,,,,,,,,,,,,,,,,,,,,,"Composite of 2019 Landsat 8, manually cleaned in 2025"
-59.649853559478260,-33.644235660250366,1064,2706.195310003767645,12,232.113728963424819,61294.912093499428011,1118.444923825069054,"1036",1049 1119,1,2,1,"1036, 1051, 1049, 1119",774,787,0,0,0.152695734127036,,,,,,,,,,,,,,,,,,,,,,,,,"Composite of 2019 Landsat 8, manually cleaned in 2025"
-60.007463762475950,-33.464823718751276,1067,4640.945336454340577,21,782.565110621648159,27826.245499127577204,1378.503728969149506,1101 1102,1038 1068,2,2,1,"1101, 1102, 1038, 1068",801,776,0,0,0.683187181350276,,,,,,,,,,,,,,,,,,,,,,,,,"Composite of 2019 Landsat 8, manually cleaned in 2025"
-59.982934179698930,-33.471388963447765,1068,858.510286660362226,3,1149.150781481224385,7273.935992137020548,1378.503728969149506,"1067","1099",1,1,1,"1038, 1067, 1104, 1099",776,802,0,0,0.411603995019845,,,,,,,,,,,,,,,,,,,,,,,,,"Composite of 2019 Landsat 8, manually cleaned in 2025"
-60.113135594418104,-33.369229759538896,1069,185.567809668924014,1,2000.447348093060782,448.596413742186769,2032.101962057765832,"1106",1039 1070,1,2,1,"1105, 1106, 1039, 1070",803,777,0,0,0.671616461052154,,,,,,,,,,,,,,,,,,,,,,,,,"Composite of 2019 Landsat 8, manually cleaned in 2025"
-60.092200304729047,-33.386519188395170,1070,5552.798238107301586,25,1135.387514770247435,32690.445186942917644,1964.580666807978560,"1069","1107",1,1,1,"1039, 1069, 1107, 1072",777,804,0,0,0.399656912321869,,,,,,,,,,,,,,,,,,,,,,,,,"Composite of 2019 Landsat 8, manually cleaned in 2025"
-60.058908223674720,-33.402562463915942,1071,5185.564480403575544,24,118.210342239818857,9450.163645222066407,645.008525419224270,"1040","1110",1,1,1,"1040, 1072, 1109, 1110",778,805,0,0,0.041473340307416,,,,,,,,,,,,,,,,,,,,,,,,,"Composite of 2019 Landsat 8, manually cleaned in 2025"
-60.070981585054589,-33.397499973062430,1072,2203.291627514941410,10,555.844059721044232,53056.152484009609907,1466.443432358665405,"1040","1107",1,1,1,"1040, 1071, 1070, 1107",778,804,0,0,0.195014322857624,,,,,,,,,,,,,,,,,,,,,,,,,"Composite of 2019 Landsat 8, manually cleaned in 2025"
-60.083665586553330,-33.246604279219113,1095,4230.435372636559805,19,137.516542381818851,7797.060146034940772,545.867866978375105,"1142","1030",1,1,1,"1061, 1142, 1030",797,772,0,0,0.117757545528346,,,,,,,,,,,,,,,,,,,,,,,,,"Composite of 2019 Landsat 8, manually cleaned in 2025"
-59.932898297133136,-33.471953600224460,1099,9202.818743147374335,42,1070.882237613699999,120720.528716790591716,1684.982071125477432,1068 1104,"1005",2,1,1,"1068, 1104, 1005, 1038",802,755,0,0,0.440926095056350,,,,,,,,,,,,,,,,,,,,,,,,,"Composite of 2019 Landsat 8, manually cleaned in 2025"
-60.048906068086019,-33.442521095727187,1101,5197.972006262588366,24,1006.238034751741907,37457.543797156591609,1442.282908904286614,"1128","1067",1,1,1,"1128, 1109, 1067, 1102",825,801,0,0,0.577581129658230,,,,,,,,,,,,,,,,,,,,,,,,,"Composite of 2019 Landsat 8, manually cleaned in 2025"
-60.025262891544273,-33.451112456769167,1102,814.587598943369358,3,275.922942741056488,15899.222178886624533,689.251864484574753,"1110","1067",1,1,1,"1104, 1110, 1067, 1101",826,801,0,0,0.105606051692046,,,,,,,,,,,,,,,,,,,,,,,,,"Composite of 2019 Landsat 8, manually cleaned in 2025"
-60.000801281126130,-33.455482637068954,1104,5393.416874732462020,25,76.611519887258197,32037.164179021343443,1007.368109631301650,"1110","1099",1,1,1,"1102, 1110, 1068, 1099",826,802,0,0,0.029322100036505,,,,,,,,,,,,,,,,,,,,,,,,,"Composite of 2019 Landsat 8, manually cleaned in 2025"
-60.095674153371085,-33.399436077056706,1105,9498.839753711725280,44,227.456565263432395,163361.242765661358135,1979.547759269187736,"1106","1128",1,1,1,"1069, 1106, 1107, 1128",803,827,0,0,0.076364705899872,,,,,,,,,,,,,,,,,,,,,,,,,"Composite of 2019 Landsat 8, manually cleaned in 2025"
-60.128690936314982,-33.363376978094486,1106,3251.137694754466338,15,831.721890637252045,163567.005242304847343,2025.867443304832250,1135 1143,1069 1105,2,2,1,"1135, 1143, 1069, 1105",828,803,0,0,0.747981166952026,,,,,,,,,,,,,,,,,,,,,,,,,"Composite of 2019 Landsat 8, manually cleaned in 2025"
-60.074050947282693,-33.413016317375323,1107,1852.233366580470602,8,1683.693783419062811,2776.873355367461954,1748.835839953114828,1070 1072,"1128",2,1,1,"1070, 1072, 1105, 1128",804,827,0,0,0.594671235179493,,,,,,,,,,,,,,,,,,,,,,,,,"Composite of 2019 Landsat 8, manually cleaned in 2025"
-60.055514735314233,-33.420369982388564,1109,2172.233597182316771,9,162.813120016822040,124605.662333706393838,1442.282908904286614,"1128","1110",1,1,1,"1101, 1128, 1071, 1110",825,805,0,0,0.093454811421135,,,,,,,,,,,,,,,,,,,,,,,,,"Composite of 2019 Landsat 8, manually cleaned in 2025"
-60.034326577305976,-33.433057939930613,1110,3888.473798176218679,18,226.333505643736828,3463.964823816974786,335.323965121380581,1071 1109,1102 1104,2,2,1,"1071, 1109, 1102, 1104",805,826,0,0,0.134928151728550,,,,,,,,,,,,,,,,,,,,,,,,,"Composite of 2019 Landsat 8, manually cleaned in 2025"
-59.645307739327443,-33.665365343797973,1119,3584.002582740680737,16,284.133643630446386,53769.870920106186531,1073.560504230399829,"1064","1019",1,1,1,"1049, 1064, 1019, 1051",787,764,0,0,0.104842808614234,,,,,,,,,,,,,,,,,,,,,,,,,"Composite of 2019 Landsat 8, manually cleaned in 2025"
-60.068302215470553,-33.422563296947935,1128,796.394225995112947,3,1693.537952806855856,14079.483772894540380,1849.608814375422298,1105 1107,1101 1109,2,2,1,"1105, 1107, 1101, 1109",827,825,0,0,0.671035941079365,,,,,,,,,,,,,,,,,,,,,,,,,"Composite of 2019 Landsat 8, manually cleaned in 2025"
-60.164424630277225,-33.350248066808248,1135,4688.312754280099398,21,809.307481429193331,74574.953764479811070,1185.549248158447881,"1146","1106",1,1,1,"1146, 1143, 1106",842,828,0,0,0.578492297386594,,,,,,,,,,,,,,,,,,,,,,,,,"Composite of 2019 Landsat 8, manually cleaned in 2025"
-60.189517512111117,-33.223095864587783,1142,32832.157550473471929,152,310.019401155751723,22362.601145804350381,1220.597657296459374,,1061 1095,0,2,1,"1154, 1061, 1095",847,797,1,0,0.252018833047974,,,,,,,,,,,,,,,,,,,,,,,,,"Composite of 2019 Landsat 8, manually cleaned in 2025"
-60.154044614724540,-33.338773896526860,1143,5051.455300272122258,23,237.113978488487732,28022.135127317058505,1060.387483822422837,"1146","1106",1,1,1,"1135, 1146, 1106",842,828,0,0,0.169488869565432,,,,,,,,,,,,,,,,,,,,,,,,,"Composite of 2019 Landsat 8, manually cleaned in 2025"
-60.188972822099437,-33.307639741974334,1146,6638.915036698468612,30,1216.682018648626581,26610.746523175697803,1566.540831445711319,1149 1150,1135 1143,2,2,1,"1149, 1150, 1135, 1143",849,842,0,0,0.747981166952026,,,,,,,,,,,,,,,,,,,,,,,,,"Composite of 2019 Landsat 8, manually cleaned in 2025"
-60.232665999729882,-33.278229819306631,1149,4830.281117033507144,22,1110.006785939865722,7865.990721999859488,1493.039133250421855,"1154","1146",1,1,1,"1154, 1150, 1146",852,849,0,0,0.577135097853506,,,,,,,,,,,,,,,,,,,,,,,,,"Composite of 2019 Landsat 8, manually cleaned in 2025"
-60.224367375827697,-33.267151246202985,1150,5523.300952428318851,25,328.589089029280444,120994.827335531270364,1493.039133250421855,"1154","1146",1,1,1,"1149, 1154, 1146",852,849,0,0,0.170846069098520,,,,,,,,,,,,,,,,,,,,,,,,,"Composite of 2019 Landsat 8, manually cleaned in 2025"
-60.293588624822341,-33.241576952058992,1154,10427.135933581692370,48,920.124383760261708,68282.867881478698109,1697.448199683447001,,1149 1150,0,2,1,"1142, 1149, 1150",847,852,1,0,0.747981166952026,,,,,,,,,,,,,,,,,,,,,,,,,"Composite of 2019 Landsat 8, manually cleaned in 2025"
-58.438572723653436,-33.946233182982361,1156,2444.543169156931526,11,574.177475627912372,7270.050310679538597,742.271238675696054,17 27,,2,0,1,"17, 27",19,854,0,1,0.119543717215607,0.119543717215607,,,,,,,,,,,,,,,,,,,,,,,,"Composite of 2019 Landsat 8, manually cleaned in 2025"
-58.581405396538969,-33.802321477669786,1157,15588.397953146319196,73,70.305231862506659,459.465438443781693,159.058122573363420,"29",,1,0,1,"29, 41",29,855,0,1,0.008369597223415,0.008369597223415,,,,,,,,,,,,,,,,,,,,,,,,"Composite of 2019 Landsat 8, manually cleaned in 2025"
-58.460446180659893,-33.899084387037298,1160,298.038886743350247,1,528.317869685032633,452.330329853050671,571.036135980641916,32 33,,2,0,1,"32, 33",32,858,0,1,0.083042467249402,0.083042467249402,,,,,,,,,,,,,,,,,,,,,,,,"Composite of 2019 Landsat 8, manually cleaned in 2025"
-58.538901492893714,-33.748024351453047,1161,2460.395425124714166,11,56.984616832238544,103.335084287990327,106.038748382242275,"77",,1,0,1,"77, 1163",71,859,0,1,0.025421918655696,0.025421918655696,,,,,,,,,,,,,,,,,,,,,,,,"Composite of 2019 Landsat 8, manually cleaned in 2025"
-58.535503479771386,-33.752806959522779,1163,2478.588798072970803,11,55.069099617914134,136.135712600566023,106.038748382242275,"77",,1,0,1,"77, 1161",71,861,0,1,0.024567370086044,0.024567370086044,,,,,,,,,,,,,,,,,,,,,,,,"Composite of 2019 Landsat 8, manually cleaned in 2025"
-58.510969719820935,-34.013976461377503,1166,17522.178257192466845,81,617.934037845513444,14698.749471339773663,905.995463326661252,"66",,1,0,1,"66, 96",61,864,0,1,0.208282097653914,0.208282097653914,,,,,,,,,,,,,,,,,,,,,,,,"Composite of 2019 Landsat 8, manually cleaned in 2025"
-58.508429508577905,-33.788642080436588,1167,2549.801545212348628,11,68.721043267070726,417.208951767472854,106.038748382242275,"79",,1,0,1,"79, 1170",72,865,0,1,0.009590091397789,0.009590091397789,,,,,,,,,,,,,,,,,,,,,,,,"Composite of 2019 Landsat 8, manually cleaned in 2025"
-58.497689142642301,-33.800895255444019,1170,1938.975128886160974,9,53.019374191121138,39.584230353806241,106.038748382242275,"79",,1,0,1,"79, 1167",72,868,0,1,0.007398907527792,0.007398907527792,,,,,,,,,,,,,,,,,,,,,,,,"Composite of 2019 Landsat 8, manually cleaned in 2025"
-58.463880847902416,-33.829989067022161,1172,1701.491558154410541,7,224.876903184720334,11197.106059980389546,477.174367720090231,"119",,1,0,1,"119, 1176",105,870,0,1,0.026755319445061,0.026755319445061,,,,,,,,,,,,,,,,,,,,,,,,"Composite of 2019 Landsat 8, manually cleaned in 2025"
-58.606190717136776,-33.657279025445170,1174,13447.222386296612967,62,59.529477587317984,165.103759843581486,106.038748382242275,"111",,1,0,1,"111, 1178",98,872,0,1,0.023347009123843,0.023347009123843,,,,,,,,,,,,,,,,,,,,,,,,"Composite of 2019 Landsat 8, manually cleaned in 2025"
-58.466269411361296,-33.822957763261641,1176,758.903866970304080,3,172.754582618663221,7747.231346912394656,477.174367720090231,"119",,1,0,1,"119, 1172",105,874,0,1,0.020553929630398,0.020553929630398,,,,,,,,,,,,,,,,,,,,,,,,"Composite of 2019 Landsat 8, manually cleaned in 2025"
-58.587834845153850,-33.739523970942038,1178,14270.906671714114054,67,56.369104288015443,99.672954785901638,106.038748382242275,"111",,1,0,1,"111, 1174",98,876,0,1,0.022107534711433,0.022107534711433,,,,,,,,,,,,,,,,,,,,,,,,"Composite of 2019 Landsat 8, manually cleaned in 2025"
-58.376584900146625,-34.188620929279274,1179,5140.081048032929175,23,58.334942432809434,193.424670953249432,159.058122573363420,"221",,1,0,1,"221, 257",180,877,0,1,0.011115819873397,0.011115819873397,,,,,,,,,,,,,,,,,,,,,,,,"Composite of 2019 Landsat 8, manually cleaned in 2025"
-58.403879479016958,-34.140342430578563,1181,7389.825830322945876,34,269.994542093930988,1660.381890977449984,339.489639936689400,222 224,,2,0,1,"222, 224",181,879,0,1,0.064031593639619,0.064031593639619,,,,,,,,,,,,,,,,,,,,,,,,"Composite of 2019 Landsat 8, manually cleaned in 2025"
-58.422751058082888,-34.055667900710532,1183,14187.286398715714313,65,55.875449494513653,126.079065814850580,118.554924815844799,"223",,1,0,1,"223, 1188",182,881,0,1,0.011337105318412,0.011337105318412,,,,,,,,,,,,,,,,,,,,,,,,"Composite of 2019 Landsat 8, manually cleaned in 2025"
-58.383069674096078,-34.216598426533629,1186,1207.684562139713307,5,84.646244545578043,1239.910392176541336,224.942154148852666,"257",,1,0,1,"257, 1192",205,884,0,1,0.007657720766250,0.007657720766250,,,,,,,,,,,,,,,,,,,,,,,,"Composite of 2019 Landsat 8, manually cleaned in 2025"
-58.406992080220775,-34.098413786713913,1188,8357.953486198191968,38,117.866761707026356,855.876761759800956,212.077496764484550,"223",,1,0,1,"223, 1183",182,886,0,1,0.023915116622801,0.023915116622801,,,,,,,,,,,,,,,,,,,,,,,,"Composite of 2019 Landsat 8, manually cleaned in 2025"
-58.497288040214386,-34.268804016608605,1189,458.980994771833707,2,127.253132311077508,453.046431296734511,167.661982560690291,266 304,,2,0,1,"266, 304",214,887,0,1,0.036202938635445,0.036202938635445,,,,,,,,,,,,,,,,,,,,,,,,"Composite of 2019 Landsat 8, manually cleaned in 2025"
-58.378018704212408,-34.213083969796401,1192,1293.645952118579089,6,132.720876540881363,671.386858766244359,224.942154148852666,"257",,1,0,1,"257, 1186",205,890,0,1,0.012006904947269,0.012006904947269,,,,,,,,,,,,,,,,,,,,,,,,"Composite of 2019 Landsat 8, manually cleaned in 2025"
-58.444862640850886,-34.220357895363612,1194,10050.671598679964518,46,233.884395500171308,1325.323925758378209,335.323965121380581,"182",,1,0,1,"182, 226",152,892,0,1,0.024973358990482,0.024973358990482,,,,,,,,,,,,,,,,,,,,,,,,"Composite of 2019 Landsat 8, manually cleaned in 2025"
-58.497599227397345,-34.286349721769291,1196,2048.001475851817759,9,251.918827667400024,1240.401027191682715,335.323965121380581,"440",,1,0,1,"440, 501",307,894,0,1,0.029868375108070,0.029868375108070,,,,,,,,,,,,,,,,,,,,,,,,"Composite of 2019 Landsat 8, manually cleaned in 2025"
-58.529994874054758,-34.441636668980614,1197,3067.453870540662592,14,210.832736530908733,1990.957097741261578,371.135619337848027,348 392,,2,0,1,"348, 392",276,895,0,1,0.050246806890883,0.050246806890883,,,,,,,,,,,,,,,,,,,,,,,,"Composite of 2019 Landsat 8, manually cleaned in 2025"
-58.508708936593877,-34.419571312185923,1200,4112.635579998246612,19,175.819699066269294,1710.585084954409922,318.116245146726840,"443",,1,0,1,"392, 443",311,898,0,1,0.016056605172710,0.016056605172710,,,,,,,,,,,,,,,,,,,,,,,,"Composite of 2019 Landsat 8, manually cleaned in 2025"
-58.504526956212359,-34.367191350729534,1201,7292.560527613359227,34,113.345258661088863,962.229393390950804,309.153420403229916,"437",,1,0,1,"437, 444",342,899,0,1,0.012057315014968,0.012057315014968,,,,,,,,,,,,,,,,,,,,,,,,"Composite of 2019 Landsat 8, manually cleaned in 2025"
-58.479583017696925,-34.295623460310921,1203,842.981271494049906,4,133.691095260684847,1667.533033623243227,265.096870955605709,"501",,1,0,1,"501, 1210",376,901,0,1,0.009815562103975,0.009815562103975,,,,,,,,,,,,,,,,,,,,,,,,"Composite of 2019 Landsat 8, manually cleaned in 2025"
-58.480910731791781,-34.323435922151745,1205,1501.955477972823701,6,650.220008739821310,21450.853661278521031,986.217368386843191,"498",,1,0,1,"498, 1207",374,903,0,1,0.070399231027021,0.070399231027021,,,,,,,,,,,,,,,,,,,,,,,,"Composite of 2019 Landsat 8, manually cleaned in 2025"
-58.476041674624575,-34.349765805804836,1207,6986.985699049523646,32,329.670809726408663,17868.016896754430491,955.820361195496616,"498",,1,0,1,"498, 1205",374,905,0,1,0.035693413282951,0.035693413282951,,,,,,,,,,,,,,,,,,,,,,,,"Composite of 2019 Landsat 8, manually cleaned in 2025"
-58.478949511518231,-34.300974678753413,1210,1085.336426264334705,5,76.848196564207939,2165.500306738101244,265.096870955605709,"501",,1,0,1,"501, 1203",376,908,0,1,0.005642172685351,0.005642172685351,,,,,,,,,,,,,,,,,,,,,,,,"Composite of 2019 Landsat 8, manually cleaned in 2025"
